{
  "properties": {
    "connectionReferences": {},
    "definition": {
      "$schema": "https://schema.management.azure.com/providers/Microsoft.Logic/schemas/2016-06-01/workflowdefinition.json#",
      "contentVersion": "1.0.0.0",
      "parameters": {
        "$authentication": {
          "defaultValue": {},
          "type": "SecureObject"
        }
      },
      "triggers": {
        "manual": {
          "metadata": {
            "operationMetadataId": "ab44d3c9-9e3d-423b-9628-08a78b1e8c88"
          },
          "type": "Request",
          "kind": "PowerAppV2",
          "inputs": {
            "schema": {
              "type": "object",
              "properties": {
                "text": {
                  "title": "destination",
                  "type": "string",
                  "x-ms-dynamically-added": true,
                  "description": "Please enter your input",
                  "x-ms-content-hint": "TEXT"
                }
              },
              "required": [
                "text"
              ]
            }
          }
        }
      },
      "actions": {
        "HTTP": {
          "runAfter": {
            "Initialize_variable": [
              "Succeeded"
            ]
          },
          "limit": {
            "timeout": "PT5S"
          },
          "metadata": {
            "operationMetadataId": "326165d0-a71d-434e-9e40-0c658d7040dd"
          },
          "type": "Http",
          "inputs": {
            "method": "GET",
            "uri": "@triggerBody()['text']",
            "retryPolicy": {
              "type": "none"
            }
          },
          "operationOptions": "SuppressWorkflowHeaders"
        },
        "Compose": {
          "runAfter": {
            "Switch": [
              "Succeeded"
            ]
          },
          "metadata": {
            "operationMetadataId": "9b4e9bf7-ba3c-4355-af6e-ba86633f992a"
          },
          "type": "Compose",
          "inputs": "@variables('HttpStatusCode')"
        },
        "Respond_to_a_PowerApp_or_flow": {
          "runAfter": {
            "Compose": [
              "Succeeded"
            ]
          },
          "metadata": {
            "operationMetadataId": "98753f0f-8fa7-410b-a27a-da95b4ea4503"
          },
          "type": "Response",
          "kind": "PowerApp",
          "inputs": {
            "statusCode": 200,
            "body": {
              "statuscode": "@{outputs('Compose')}"
            },
            "schema": {
              "type": "object",
              "properties": {
                "statuscode": {
                  "title": "statusCode",
                  "x-ms-dynamically-added": true,
                  "type": "string"
                }
              }
            }
          }
        },
        "Initialize_variable": {
          "runAfter": {},
          "metadata": {
            "operationMetadataId": "d8980858-b822-473b-9b4c-7dff971da41d"
          },
          "type": "InitializeVariable",
          "inputs": {
            "variables": [
              {
                "name": "HttpStatusCode",
                "type": "string",
                "value": "200"
              }
            ]
          }
        },
        "Switch": {
          "runAfter": {
            "Compose_2": [
              "Succeeded"
            ]
          },
          "cases": {
            "Case_2": {
              "case": 200,
              "actions": {
                "Set_variable": {
                  "runAfter": {},
                  "type": "SetVariable",
                  "inputs": {
                    "name": "HttpStatusCode",
                    "value": "@{outputs('HTTP')['statusCode']}"
                  }
                }
              }
            }
          },
          "default": {
            "actions": {
              "Set_variable_6": {
                "runAfter": {},
                "type": "SetVariable",
                "inputs": {
                  "name": "HttpStatusCode",
                  "value": "@{outputs('HTTP')['statusCode']}"
                }
              }
            }
          },
          "expression": "@outputs('HTTP')['statusCode']",
          "metadata": {
            "operationMetadataId": "c715ea9e-51d2-4e6f-ba5b-974096d45cde"
          },
          "type": "Switch"
        },
        "Set_variable_2": {
          "runAfter": {
            "Compose_2": [
              "Failed"
            ]
          },
          "metadata": {
            "operationMetadataId": "bc27a906-e26b-4eb9-9aea-841d8b1fb608"
          },
          "type": "SetVariable",
          "inputs": {
            "name": "HttpStatusCode",
            "value": "NotReachable"
          }
        },
        "Compose_2": {
          "runAfter": {
            "HTTP": [
              "Succeeded",
              "Failed"
            ]
          },
          "metadata": {
            "operationMetadataId": "97a361c4-5801-4692-9c49-3ba13b9ff24f"
          },
          "type": "Compose",
          "inputs": "@outputs('HTTP')['statusCode']"
        },
        "Compose_3": {
          "runAfter": {
            "Set_variable_2": [
              "Succeeded"
            ]
          },
          "metadata": {
            "operationMetadataId": "9b4e9bf7-ba3c-4355-af6e-ba86633f992a"
          },
          "type": "Compose",
          "inputs": "@variables('HttpStatusCode')"
        },
        "Respond_to_a_PowerApp_or_flow_2": {
          "runAfter": {
            "Compose_3": [
              "Succeeded"
            ]
          },
          "metadata": {
            "operationMetadataId": "98753f0f-8fa7-410b-a27a-da95b4ea4503"
          },
          "type": "Response",
          "kind": "PowerApp",
          "inputs": {
            "statusCode": 200,
            "body": {
              "statuscode": "@{outputs('Compose_3')}"
            },
            "schema": {
              "type": "object",
              "properties": {
                "statuscode": {
                  "title": "statusCode",
                  "x-ms-dynamically-added": true,
                  "type": "string"
                }
              }
            }
          }
        }
      }
    },
    "templateName": ""
  },
  "schemaVersion": "1.0.0.0"
}