<ImportExportXml xmlns:xsi="http://www.w3.org/2001/XMLSchema-instance">
  <Entities></Entities>
  <Roles></Roles>
  <Workflows>
    <Workflow WorkflowId="{7143f214-9dcd-ed11-b597-000d3a1b9743}" Name="HttpPing">
      <JsonFileName>/Workflows/HttpPing-7143F214-9DCD-ED11-B597-000D3A1B9743.json</JsonFileName>
      <Type>1</Type>
      <Subprocess>0</Subprocess>
      <Category>5</Category>
      <Mode>0</Mode>
      <Scope>4</Scope>
      <OnDemand>0</OnDemand>
      <TriggerOnCreate>0</TriggerOnCreate>
      <TriggerOnDelete>0</TriggerOnDelete>
      <AsyncAutodelete>0</AsyncAutodelete>
      <SyncWorkflowLogOnFailure>0</SyncWorkflowLogOnFailure>
      <StateCode>1</StateCode>
      <StatusCode>2</StatusCode>
      <RunAs>1</RunAs>
      <IsTransacted>1</IsTransacted>
      <IntroducedVersion>1.0.1</IntroducedVersion>
      <IsCustomizable>1</IsCustomizable>
      <BusinessProcessType>0</BusinessProcessType>
      <IsCustomProcessingStepAllowedForOtherPublishers>1</IsCustomProcessingStepAllowedForOtherPublishers>
      <PrimaryEntity>none</PrimaryEntity>
      <LocalizedNames>
        <LocalizedName languagecode="1033" description="HttpPing" />
      </LocalizedNames>
    </Workflow>
  </Workflows>
  <FieldSecurityProfiles></FieldSecurityProfiles>
  <Templates />
  <EntityMaps />
  <EntityRelationships />
  <OrganizationSettings />
  <optionsets />
  <CustomControls>
    <CustomControl>
      <Name>appcon_appcon.responsiveIframePCFControl</Name>
      <FileName>/Controls/appcon_appcon.responsiveIframePCFControl/ControlManifest.xml</FileName>
    </CustomControl>
  </CustomControls>
  <EntityDataProviders />
  <CanvasApps>
    <CanvasApp>
      <Name>appcon_test103_d61eb</Name>
      <AppVersion>2023-04-14T01:01:43Z</AppVersion>
      <Status>Ready</Status>
      <CreatedByClientVersion>3.23034.14.0</CreatedByClientVersion>
      <MinClientVersion>3.23034.14.0</MinClientVersion>
      <Tags>{"primaryDeviceWidth":"1366","primaryDeviceHeight":"768","supportsPortrait":"true","supportsLandscape":"true","primaryFormFactor":"Tablet","publisherVersion":"3.23034.14","minimumRequiredApiVersion":"2.2.0","hasComponent":"false","hasUnlockedComponent":"false","isUnifiedRootApp":"false","sienaVersion":"20230329T212045Z-3.23032.12.0"}</Tags>
      <IsCdsUpgraded>0</IsCdsUpgraded>
      <GalleryItemId xsi:nil="true"></GalleryItemId>
      <BackgroundColor>RGBA(0,176,240,1)</BackgroundColor>
      <DisplayName>CustomErrorPage</DisplayName>
      <Description xsi:nil="true"></Description>
      <CommitMessage xsi:nil="true"></CommitMessage>
      <Publisher xsi:nil="true"></Publisher>
      <AuthorizationReferences>[]</AuthorizationReferences>
      <ConnectionReferences>{"994fda2a-a8e7-420a-bd8b-170a9f363d20":{"id":"/providers/microsoft.powerapps/apis/shared_logicflows","displayName":"Logic flows","iconUri":"https://connectoricons-prod.azureedge.net/releases/v1.0.1615/1.0.1615.3163/logicflows/icon.png","dataSources":["HttpPing"],"dependencies":[],"dependents":[],"parameterHints":{"workflowName":{"value":"9612bc12-e235-4be9-9cd1-30e28e2aac8d"},"workflowEntityId":{"value":"7143f214-9dcd-ed11-b597-000d3a1b9743"}},"parameterHintsV2":{"workflowName":{"value":"9612bc12-e235-4be9-9cd1-30e28e2aac8d"},"workflowEntityId":{"value":"7143f214-9dcd-ed11-b597-000d3a1b9743"}},"isOnPremiseConnection":false,"bypassConsent":false,"dataSets":{},"apiTier":"Standard","actions":["Run"]}}</ConnectionReferences>
      <DatabaseReferences>{"default.cds":{"databaseDetails":{"referenceType":"Environmental","environmentName":"default.cds","overrideValues":{"status":"NotSpecified"}},"dataSources":{},"components":[{"componentName":"CustomControl","identifier":"appcon_appcon.responsiveIframePCFControl","identifierType":"LogicalName","capabilities":{"pcfExternalServiceUsageAllowed":false}}]}}</DatabaseReferences>
      <AppComponents>[]</AppComponents>
      <AppComponentDependencies>[]</AppComponentDependencies>
      <CanConsumeAppPass>1</CanConsumeAppPass>
      <CanvasAppType>0</CanvasAppType>
      <BypassConsent>0</BypassConsent>
      <AdminControlBypassConsent>0</AdminControlBypassConsent>
      <EmbeddedApp xsi:nil="true"></EmbeddedApp>
      <IntroducedVersion>1.0</IntroducedVersion>
      <CdsDependencies>{"cdsdependencies":[{"dependencyid":"","logicalname":"appcon_appcon.responsiveIframePCFControl","componenttype":66,"componenttypeplatformname":"CustomControl"}]}</CdsDependencies>
      <IsCustomizable>1</IsCustomizable>
      <BackgroundImageUri>/CanvasApps/appcon_test103_d61eb_BackgroundImageUri</BackgroundImageUri>
      <DocumentUri>/CanvasApps/appcon_test103_d61eb_DocumentUri.msapp</DocumentUri>
    </CanvasApp>
  </CanvasApps>
  <Languages>
    <Language>1033</Language>
  </Languages>
</ImportExportXml>