<?xml version="1.0" encoding="UTF-8" standalone="yes"?>
<manifest>
  <control namespace="appcon" constructor="responsiveIframePCFControl" version="1.1.8" display-name-key="responsiveIframePCFControl" description-key="responsiveIframePCFControl description" control-type="standard" api-version="1.3.5">
    <external-service-usage enabled="false"/>
    <property name="source" display-name-key="Source" description-key="Source" of-type="SingleLine.URL" usage="bound" required="true" default-value="https://bing.com"/>
    <property name="html" display-name-key="ErrorInHtml" description-key="Error In Html markup" of-type="SingleLine.Text" usage="bound" required="true" default-value="&lt;div style='background-color: #ffcccc; border: 1px solid #ff0000; padding: 10px; border-radius: 5px; font-family: Arial, Helvetica, sans-serif;'>     &lt;p style='color: #ff0000; font-weight: bold; margin: 0;'>Error: Not Connected&lt;/p>     &lt;p style='color: #000; margin: 5px 0;'>Sorry, it looks like you are not currently connected to the internet or VPN. Please check your network / VPN connection and try again.&lt;/p> &lt;/div>"/>
    <resources>
      <code path="bundle.js" order="1"/>
      <css path="css/responsiveIframePCFControl.css" order="1"/>
    </resources>
    <built-by name="pac" version="1.21.13"/>
  </control>
</manifest>