<manifest><control namespace="appcon" constructor="responsiveIframePCFControl" version="1.2.7" display-name-key="responsiveIframePCFControl" description-key="responsiveIframePCFControl description" control-type="standard" api-version="1.3.5"><external-service-usage enabled="false" /><property name="source" display-name-key="Source" description-key="Source" of-type="SingleLine.URL" usage="bound" required="true" default-value="https://bing.com" /><property name="html" display-name-key="ErrorInHtml" description-key="Error In Html markup" of-type="SingleLine.Text" usage="bound" required="true" default-value="&lt;div style='background-color: #ffcccc; border: 1px solid #ff0000; padding: 10px; border-radius: 5px; font-family: Arial, Helvetica, sans-serif;'&gt;     &lt;p style='color: #ff0000; font-weight: bold; margin: 0;'&gt;Error: Not Connected&lt;/p&gt;     &lt;p style='color: #000; margin: 5px 0;'&gt;Sorry, it looks like you are not currently connected to the internet or VPN. Please check your network / VPN connection and try again.&lt;/p&gt; &lt;/div&gt;" /><property name="displayerror" display-name-key="DisplayError" description-key="Display Error" of-type="SingleLine.Text" usage="bound" required="true" default-value="false" /><resources><code path="bundle.js" order="1" /><css path="css/responsiveIframePCFControl.css" order="1" /></resources><feature-usage><uses-feature name="Device.captureAudio" required="true" /><uses-feature name="Device.captureImage" required="true" /><uses-feature name="Device.captureVideo" required="true" /><uses-feature name="Device.getBarcodeValue" required="true" /><uses-feature name="Device.getCurrentPosition" required="true" /><uses-feature name="Device.pickFile" required="true" /><uses-feature name="Utility" required="true" /><uses-feature name="WebAPI" required="true" /></feature-usage><built-by name="pac" version="1.21.13" /></control></manifest>